Workbook

Sheet Store_Sales
A1: Date | B1: Product | C1: Category | D1: Quantity | E1: Price | F1: Total Sales | G1: First 3 Letters | H1: Last 2 Category
A2: 45662 | B2: Headphones | C2: Electronics | D2: 5 | E2: 1500 | F2: =D2*E2 | G2: =LEFT(B2,3) | H2: =RIGHT(C2,2)
A3: 45672 | B3: Mobile | C3: Electronics | D3: 3 | E3: 12000 | F3: =D3*E3 | G3: =LEFT(B3,3) | H3: =RIGHT(C3,2)
A4: 45691 | B4: Notebook | C4: Stationery | D4: 20 | E4: 50 | F4: =D4*E4 | G4: =LEFT(B4,3) | H4: =RIGHT(C4,2)
A5: 45706 | B5: Headphones | C5: Electronics | D5: 2 | E5: 1500 | F5: =D5*E5 | G5: =LEFT(B5,3) | H5: =RIGHT(C5,2)
A6: 45723 | B6: Pen | C6: Stationery | D6: 50 | E6: 10 | F6: =D6*E6 | G6: =LEFT(B6,3) | H6: =RIGHT(C6,2)
A7: 45736 | B7: Laptop | C7: Electronics | D7: 1 | E7: 45000 | F7: =D7*E7 | G7: =LEFT(B7,3) | H7: =RIGHT(C7,2)
A8: 45757 | B8: Mouse | C8: Electronics | D8: 6 | E8: 600 | F8: =D8*E8 | G8: =LEFT(B8,3) | H8: =RIGHT(C8,2)
A9: 45772 | B9: Notebook | C9: Stationery | D9: 30 | E9: 50 | F9: =D9*E9 | G9: =LEFT(B9,3) | H9: =RIGHT(C9,2)

Sheet Summary
A1: Total Headphones Sales | B1: =SUMIF(Store_Sales!B:B,"Headphones",Store_Sales!F:F)
A2: Highest Sale | B2: =MAX(Store_Sales!F:F)
A3: Lowest Sale | B3: =MIN(Store_Sales!F:F)
A5: Average Monthly Sales | B5: =AVERAGE(Store_Sales!F:F)
A6: Total Sales | B6: =SUM(Store_Sales!F:F)
A8: Month | B8: Total Sales
A9: Jan | B9: =SUM(Store_Sales!F:F)
A10: Feb | B10: =SUM(Store_Sales!F:F)
A11: Mar | B11: =SUM(Store_Sales!F:F)
A12: Apr | B12: =SUM(Store_Sales!F:F)

Sheet Charts
