Workbook

Sheet Student_Data
A1: Full Name | B1: First Name | C1: Last Name | D1: Roll No | E1: Class | F1: City | G1: Subject1 | H1: Subject2 | I1: Subject3 | J1: Total | K1: Result
A2: Amit Sharma | B2: Amit | C2: Sharma | D2: 1 | E2: 10A | F2: Delhi | G2: 45 | H2: 50 | I2: 40 | J2: =SUM(G2:I2) | K2: =IF(J2>=120,"Pass","Fail")
A3: Rohit Verma | B3: Rohit | C3: Verma | D3: 2 | E3: 10A | F3: Delhi | G3: 60 | H3: 55 | I3: 50 | J3: =SUM(G3:I3) | K3: =IF(J3>=120,"Pass","Fail")
A4: Neha Gupta | B4: Neha | C4: Gupta | D4: 3 | E4: 10A | F4: Mumbai | G4: 35 | H4: 40 | I4: 45 | J4: =SUM(G4:I4) | K4: =IF(J4>=120,"Pass","Fail")
A5: Pooja Singh | B5: Pooja | C5: Singh | D5: 4 | E5: 10A | F5: Delhi | G5: 70 | H5: 65 | I5: 60 | J5: =SUM(G5:I5) | K5: =IF(J5>=120,"Pass","Fail")
A6: Rahul Mehta | B6: Rahul | C6: Mehta | D6: 5 | E6: 10A | F6: Pune | G6: 55 | H6: 45 | I6: 50 | J6: =SUM(G6:I6) | K6: =IF(J6>=120,"Pass","Fail")
A7: Karan Patel | B7: Karan | C7: Patel | D7: 6 | E7: 10A | F7: Ahmedabad | G7: 30 | H7: 35 | I7: 40 | J7: =SUM(G7:I7) | K7: =IF(J7>=120,"Pass","Fail")
A8: Sneha Jain | B8: Sneha | C8: Jain | D8: 7 | E8: 10A | F8: Delhi | G8: 80 | H8: 75 | I8: 70 | J8: =SUM(G8:I8) | K8: =IF(J8>=120,"Pass","Fail")
A9: Vikas Kumar | B9: Vikas | C9: Kumar | D9: 8 | E9: 10A | F9: Patna | G9: 40 | H9: 45 | I9: 35 | J9: =SUM(G9:I9) | K9: =IF(J9>=120,"Pass","Fail")
A10: Anjali Roy | B10: Anjali | C10: Roy | D10: 9 | E10: 10A | F10: Kolkata | G10: 65 | H10: 60 | I10: 55 | J10: =SUM(G10:I10) | K10: =IF(J10>=120,"Pass","Fail")
A11: Manish Yadav | B11: Manish | C11: Yadav | D11: 10 | E11: 10A | F11: Delhi | G11: 50 | H11: 55 | I11: 60 | J11: =SUM(G11:I11) | K11: =IF(J11>=120,"Pass","Fail")
A12: Ritu Malhotra | B12: Ritu | C12: Malhotra | D12: 11 | E12: 10A | F12: Delhi | G12: 42 | H12: 38 | I12: 40 | J12: =SUM(G12:I12) | K12: =IF(J12>=120,"Pass","Fail")
A13: Suresh Das | B13: Suresh | C13: Das | D13: 12 | E13: 10A | F13: Assam | G13: 33 | H13: 36 | I13: 39 | J13: =SUM(G13:I13) | K13: =IF(J13>=120,"Pass","Fail")
... A16: Priya Mishra | B16: Priya | C16: Mishra | D16: 15 | E16: 10A | F16: Lucknow | G16: 70 | H16: 68 | I16: 72 | J16: =SUM(G16:I16) | K16: =IF(J16>=120,"Pass","Fail")

Sheet Marks_Analysis
A1: Average Marks | B1: =AVERAGE(Student_Data!G2:I16)
A2: Maximum Marks | B2: =MAX(Student_Data!G2:I16)
A3: Minimum Marks | B3: =MIN(Student_Data!G2:I16)
A4: Delhi Students | B4: =COUNTIF(Student_Data!F2:F16,"Delhi")
A6: Pass | B6: =COUNTIF(Student_Data!K2:K16,"Pass")
A7: Fail | B7: =COUNTIF(Student_Data!K2:K16,"Fail")

Sheet Charts
